,url
0,http://cerpenmu.com/cerpen-kehidupan/prosa-tentang-senyuman.html
1,http://cerpenmu.com/cerpen-kehidupan/kami-bukan-bajak-laut.html
2,http://cerpenmu.com/cerpen-kehidupan/wali-tanpa-nama.html
3,http://cerpenmu.com/cerpen-kehidupan/melukis-senja.html
4,http://cerpenmu.com/cerpen-kehidupan/kasih-sayang-3.html
5,http://cerpenmu.com/cerpen-kehidupan/aku-dan-diriku.html
6,http://cerpenmu.com/cerpen-kehidupan/susuk-pemikat.html
7,http://cerpenmu.com/cerpen-kehidupan/aku-berhenti-berharap-pada-tuhan.html
8,http://cerpenmu.com/cerpen-kehidupan/perjuangan-tanpa-batas.html
9,http://cerpenmu.com/cerpen-kehidupan/yakin-udah-bersyukur.html
10,https://cerpenmu.com/cerpen-kehidupan/domi.html
11,https://cerpenmu.com/cerpen-kehidupan/sampai-hari-ke-10.html
12,https://cerpenmu.com/cerpen-kehidupan/hujan-bulan-januari.html
13,https://cerpenmu.com/cerpen-kehidupan/merindukan-sang-tuan.html
14,https://cerpenmu.com/cerpen-kehidupan/si-waras-yang-ingin-jadi-gila.html
15,https://cerpenmu.com/cerpen-kehidupan/mabuk-daging-tikus.html
16,https://cerpenmu.com/cerpen-kehidupan/komandan-joni.html
17,https://cerpenmu.com/cerpen-kehidupan/kupeluk-lukaku-sendiri.html
18,https://cerpenmu.com/cerpen-kehidupan/100-senja-yang-telah-hilang.html
19,https://cerpenmu.com/cerpen-kehidupan/malaikat-kecil.html
20,https://cerpenmu.com/cerpen-kehidupan/pesan-dari-abah.html
21,https://cerpenmu.com/cerpen-kehidupan/melawan-arus.html
22,https://cerpenmu.com/cerpen-kehidupan/kala-fajar.html
23,https://cerpenmu.com/cerpen-kehidupan/jalanku-berdamai-dengan-keadaan.html
24,https://cerpenmu.com/cerpen-kehidupan/kerja-profesional.html
25,https://cerpenmu.com/cerpen-kehidupan/tuhan-dalam-bualan.html
26,https://cerpenmu.com/cerpen-kehidupan/pertemuan-rahasia.html
27,https://cerpenmu.com/cerpen-kehidupan/lamaran.html
28,https://cerpenmu.com/cerpen-kehidupan/tuhan-selalu-baik-part-2.html
29,https://cerpenmu.com/cerpen-kehidupan/tuhan-selalu-baik-part-1.html
30,https://cerpenmu.com/cerpen-kehidupan/senja-yang-masih-sama-part-2.html
31,https://cerpenmu.com/cerpen-kehidupan/senja-yang-masih-sama-part-1.html
32,https://cerpenmu.com/cerpen-kehidupan/emas-dibalik-lumpur.html
33,https://cerpenmu.com/cerpen-kehidupan/rintikan-senja-2.html
34,https://cerpenmu.com/cerpen-kehidupan/trauma-gadis-kecil.html
35,https://cerpenmu.com/cerpen-kehidupan/mama-kupersembahkan-ini-untukmu.html
36,https://cerpenmu.com/cerpen-kehidupan/kisah-kecil.html
37,https://cerpenmu.com/cerpen-kehidupan/kisah-kedai-blokosutho.html
38,https://cerpenmu.com/cerpen-kehidupan/kesempurnaan-sejati.html
39,https://cerpenmu.com/cerpen-kehidupan/putri-pemulung.html
40,https://cerpenmu.com/cerpen-kehidupan/kebenaran-yang-tidak-terlihat-oleh-mata.html
41,https://cerpenmu.com/cerpen-kehidupan/preman-baik.html
42,https://cerpenmu.com/cerpen-kehidupan/pejual-sayur-yang-tamak.html
43,https://cerpenmu.com/cerpen-kehidupan/si-buntung-yang-sukses.html
44,https://cerpenmu.com/cerpen-kehidupan/kaca-mata.html
45,https://cerpenmu.com/cerpen-kehidupan/kehidupan.html
46,https://cerpenmu.com/cerpen-kehidupan/tiga-manusia-silver.html
47,https://cerpenmu.com/cerpen-kehidupan/manusia-silver-2.html
48,https://cerpenmu.com/cerpen-kehidupan/cinta-kasih-ibu.html
49,https://cerpenmu.com/cerpen-kehidupan/penjahit-sukses.html
50,https://cerpenmu.com/cerpen-kehidupan/penjual-pohon-pisang.html
51,https://cerpenmu.com/cerpen-kehidupan/kembalinya-ayah.html
52,https://cerpenmu.com/cerpen-kehidupan/sepotong-ayam-goreng.html
53,https://cerpenmu.com/cerpen-kehidupan/rencana-azizah.html
54,https://cerpenmu.com/cerpen-kehidupan/kepergian-ayahku-menjadi-pertanda-awal-perjuanganku.html
55,https://cerpenmu.com/cerpen-kehidupan/kopi-tanpa-gula.html
56,https://cerpenmu.com/cerpen-kehidupan/silver-man.html
57,https://cerpenmu.com/cerpen-kehidupan/pertemuan-pembawa-petaka.html
58,https://cerpenmu.com/cerpen-kehidupan/jakarta-itu-cinta.html
59,https://cerpenmu.com/cerpen-kehidupan/gila-2.html
60,https://cerpenmu.com/cerpen-kehidupan/emergency-room.html
61,https://cerpenmu.com/cerpen-kehidupan/wanita-bermata-sendu.html
62,https://cerpenmu.com/cerpen-kehidupan/impianku-menjadi-seorang-penulis.html
63,https://cerpenmu.com/cerpen-kehidupan/panggil-saja-rara.html
64,https://cerpenmu.com/cerpen-kehidupan/ceritanya-ga-jelas-pokoknya-maksudnya-kayak-pemerintah.html
65,https://cerpenmu.com/cerpen-kehidupan/bagas-anak-yatim-yang-sukses.html
66,https://cerpenmu.com/cerpen-kehidupan/suami-tak-direstui-part-2.html
67,https://cerpenmu.com/cerpen-kehidupan/suami-tak-direstui-part-1.html
68,https://cerpenmu.com/cerpen-kehidupan/hambar.html
69,https://cerpenmu.com/cerpen-kehidupan/takdir-yang-bertindak.html
70,https://cerpenmu.com/cerpen-kehidupan/tanggung-jawab.html
71,https://cerpenmu.com/cerpen-kehidupan/kehilangan-7.html
72,https://cerpenmu.com/cerpen-kehidupan/berdamai-2.html
73,https://cerpenmu.com/cerpen-kehidupan/anak-kecil.html
74,https://cerpenmu.com/cerpen-kehidupan/hindun.html
75,https://cerpenmu.com/cerpen-kehidupan/badai-belum-berlalu-part-2.html
76,https://cerpenmu.com/cerpen-kehidupan/telapak-tangan.html
77,https://cerpenmu.com/cerpen-kehidupan/dia-yang-telah-pergi.html
78,https://cerpenmu.com/cerpen-kehidupan/motor-gerobak-butut.html
79,https://cerpenmu.com/cerpen-kehidupan/yang-tak-kembali.html
80,https://cerpenmu.com/cerpen-kehidupan/andai-ada-anggaran-buat-dangdut.html
81,https://cerpenmu.com/cerpen-kehidupan/pembalasan-terbaik.html
82,https://cerpenmu.com/cerpen-kehidupan/kenalan.html
83,https://cerpenmu.com/cerpen-kehidupan/gelang-setan-part-2.html
84,https://cerpenmu.com/cerpen-kehidupan/gelang-setan-part-1.html
85,https://cerpenmu.com/cerpen-kehidupan/subsidi-yang-salah-sasaran.html
86,https://cerpenmu.com/cerpen-kehidupan/malam-dingin-februari.html
87,https://cerpenmu.com/cerpen-kehidupan/hari-esok-masih-ada.html
88,https://cerpenmu.com/cerpen-kehidupan/ingin-sukses-interview-ini-pertanyaan-interview-kerja-yang-wajib-anda-tahu-dan-cara-jawabnya.html
89,https://cerpenmu.com/cerpen-kehidupan/bidadari-dunia.html
90,https://cerpenmu.com/cerpen-kehidupan/bila-masih-ada-waktu.html
91,https://cerpenmu.com/cerpen-kehidupan/perempuan-berkaos-kuning.html
92,https://cerpenmu.com/cerpen-kehidupan/mematungku-di-kaki-bukit-ini.html
93,https://cerpenmu.com/cerpen-kehidupan/derita-sang-hamba-sebatang-kara.html
94,https://cerpenmu.com/cerpen-kehidupan/jejak-si-bungsu.html
95,https://cerpenmu.com/cerpen-kehidupan/di-rumah-kesunyian.html
96,https://cerpenmu.com/cerpen-kehidupan/mati-sekarang-atau-lusa-sama-saja.html
97,https://cerpenmu.com/cerpen-kehidupan/mimpi-dalam-mimpi.html
98,https://cerpenmu.com/cerpen-kehidupan/dua-sahabat-part-2-2.html
99,https://cerpenmu.com/cerpen-kehidupan/dua-sahabat-part-1-2.html
100,https://cerpenmu.com/cerpen-kehidupan/jangan-mengambil-peran-tuhan.html
101,https://cerpenmu.com/cerpen-kehidupan/cahaya-penakluk-hati-part-2.html
102,https://cerpenmu.com/cerpen-kehidupan/ingin-asuransikan-mobil-ketahui-dulu-tipsnya.html
103,https://cerpenmu.com/cerpen-kehidupan/sarjana-2.html
104,https://cerpenmu.com/cerpen-kehidupan/doa-penggali-kubur-part-2.html
105,https://cerpenmu.com/cerpen-kehidupan/doa-penggali-kubur-part-1.html
106,https://cerpenmu.com/cerpen-kehidupan/dengarkan-aku-sebentar.html
107,https://cerpenmu.com/cerpen-kehidupan/yang-terbuang.html
108,https://cerpenmu.com/cerpen-kehidupan/bilakah-aku-akan-pulang.html
109,https://cerpenmu.com/cerpen-kehidupan/usaha-dan-cita-cita.html
110,https://cerpenmu.com/cerpen-kehidupan/home-alone-2.html
111,https://cerpenmu.com/cerpen-kehidupan/terimakasih-arga-part-2.html
112,https://cerpenmu.com/cerpen-kehidupan/terimakasih-arga-part-1.html
113,https://cerpenmu.com/cerpen-kehidupan/perjalanan-hidupku-2.html
114,https://cerpenmu.com/cerpen-kehidupan/bus-trans.html
115,https://cerpenmu.com/cerpen-kehidupan/lorong-kampus-part-2.html
116,https://cerpenmu.com/cerpen-kehidupan/lorong-kampus-part-1.html
117,https://cerpenmu.com/cerpen-kehidupan/aku-kalian-3-tahun-yang-lalu-dan-masa-depan.html
118,https://cerpenmu.com/cerpen-kehidupan/kisah-haru-seorang-perantau-muda.html
119,https://cerpenmu.com/cerpen-kehidupan/dulkamdi-part-2.html
120,https://cerpenmu.com/cerpen-kehidupan/dulkamdi-part-1.html
121,https://cerpenmu.com/cerpen-kehidupan/merenung.html
122,https://cerpenmu.com/cerpen-kehidupan/senja-yang-terlukis-part-3.html
123,https://cerpenmu.com/cerpen-kehidupan/senja-yang-terlukis-part-2.html
124,https://cerpenmu.com/cerpen-kehidupan/senja-yang-terlukis-part-1.html
125,https://cerpenmu.com/cerpen-kehidupan/vanilla-latte-part-3.html
126,https://cerpenmu.com/cerpen-kehidupan/vanilla-latte-part-2.html
127,https://cerpenmu.com/cerpen-kehidupan/vanilla-latte-part-1.html
128,https://cerpenmu.com/cerpen-kehidupan/bapak-3.html
129,https://cerpenmu.com/cerpen-kehidupan/suami-vs-istri.html
130,https://cerpenmu.com/cerpen-kehidupan/kisah-perjalanan-hidupku.html
131,https://cerpenmu.com/cerpen-kehidupan/kembali-ke-rumah-part-3.html
132,https://cerpenmu.com/cerpen-kehidupan/kembali-ke-rumah-part-2.html
133,https://cerpenmu.com/cerpen-kehidupan/kembali-ke-rumah-part-1.html
134,https://cerpenmu.com/cerpen-kehidupan/aku-menyesal-6.html
135,https://cerpenmu.com/cerpen-kehidupan/koma-2.html
136,https://cerpenmu.com/cerpen-kehidupan/aku-tak-tahu-cara-menghadapinya.html
137,https://cerpenmu.com/cerpen-kehidupan/jia-li.html
138,https://cerpenmu.com/cerpen-kehidupan/banjir-yang-tidak-jadi-datang.html
139,https://cerpenmu.com/cerpen-kehidupan/bule-kere.html
140,https://cerpenmu.com/cerpen-kehidupan/mengenal-asuransi-mobil-tlo-dan-cara-mengajukan-klaim-asuransi-mobil.html
141,https://cerpenmu.com/cerpen-kehidupan/bedanya-kita-nostalgia-masa-sma.html
142,https://cerpenmu.com/cerpen-kehidupan/kpl-banten-2022.html
143,https://cerpenmu.com/cerpen-kehidupan/raden-mas.html
144,https://cerpenmu.com/cerpen-kehidupan/bagaimana-cara-kita-memberitahunya.html
145,https://cerpenmu.com/cerpen-kehidupan/hidup-bahagia-karena-sebuah-kejujuran.html
146,https://cerpenmu.com/cerpen-kehidupan/reuni-4.html
147,https://cerpenmu.com/cerpen-kehidupan/mawar-mas-part-2.html
148,https://cerpenmu.com/cerpen-kehidupan/sepasang-album-kembar-part-2.html
149,https://cerpenmu.com/cerpen-kehidupan/sepasang-album-kembar-part-1.html
150,https://cerpenmu.com/cerpen-kehidupan/hal-yang-etis-part-2.html
151,https://cerpenmu.com/cerpen-kehidupan/hal-yang-etis-part-1.html
152,https://cerpenmu.com/cerpen-kehidupan/bukan-karena-aku.html
153,https://cerpenmu.com/cerpen-kehidupan/sebuah-harapan-6.html
154,https://cerpenmu.com/cerpen-kehidupan/jangan-mudah-bilang-iyaa-part-2.html
155,https://cerpenmu.com/cerpen-kehidupan/jangan-mudah-bilang-iyaa-part-1.html
156,https://cerpenmu.com/cerpen-kehidupan/lorong-mimpi-part-2.html
157,https://cerpenmu.com/cerpen-kehidupan/lorong-mimpi-part-1.html
158,https://cerpenmu.com/cerpen-kehidupan/ziarah-konyol.html
159,https://cerpenmu.com/cerpen-kehidupan/kado-layla-untuk-almarhum-mamah.html
160,https://cerpenmu.com/cerpen-kehidupan/takdirku-terisolasi.html
161,https://cerpenmu.com/cerpen-kehidupan/malam-yang-tidak-diharapkan-part-2.html
162,https://cerpenmu.com/cerpen-kehidupan/malam-yang-tidak-diharapkan-part-1.html
163,https://cerpenmu.com/cerpen-kehidupan/efektivitas-media-sosial.html
164,https://cerpenmu.com/cerpen-kehidupan/masyarakat-pinggir-kota.html
165,https://cerpenmu.com/cerpen-kehidupan/kabut-di-desa-ketingal.html
166,https://cerpenmu.com/cerpen-kehidupan/bolen-pisang.html
167,https://cerpenmu.com/cerpen-kehidupan/bayang-bayang-kehidupan-di-dunia.html
168,https://cerpenmu.com/cerpen-kehidupan/terluka.html
169,https://cerpenmu.com/cerpen-kehidupan/alur-tuhan-part-2.html
170,https://cerpenmu.com/cerpen-kehidupan/alur-tuhan-part-1.html
171,https://cerpenmu.com/cerpen-kehidupan/dinding-es-mencair.html
172,https://cerpenmu.com/cerpen-kehidupan/santri-kakek-tua-dan-harimau.html
173,https://cerpenmu.com/cerpen-kehidupan/overthinking-2.html
174,https://cerpenmu.com/cerpen-kehidupan/malaikat-keempat.html
175,https://cerpenmu.com/cerpen-kehidupan/cloudy-dan-kucing-putih.html
176,https://cerpenmu.com/cerpen-kehidupan/kukira-pelakor.html
177,https://cerpenmu.com/cerpen-kehidupan/perasaan-paling-membahagiakan.html
178,https://cerpenmu.com/cerpen-kehidupan/perasaan-paling-menyedihkan.html
179,https://cerpenmu.com/cerpen-kehidupan/kisah-rohimah-di-suatu-desa.html
180,https://cerpenmu.com/cerpen-kehidupan/musim-berganti.html
181,https://cerpenmu.com/cerpen-kehidupan/mengapa-harus-aku-part-2.html
182,https://cerpenmu.com/cerpen-kehidupan/mengapa-harus-aku-part-1.html
183,https://cerpenmu.com/cerpen-kehidupan/kurungan-lara.html
184,https://cerpenmu.com/cerpen-kehidupan/thats-why-you-wouldnt-understand.html
185,https://cerpenmu.com/cerpen-kehidupan/egois-2.html
186,https://cerpenmu.com/cerpen-kehidupan/buat-yang-masih-pemula-ini-tips-untuk-memilih-asuransi-online.html
187,https://cerpenmu.com/cerpen-kehidupan/pelayaran-awal-dan-akhir.html
188,https://cerpenmu.com/cerpen-kehidupan/selamat-menjadi-dewasa.html
189,https://cerpenmu.com/cerpen-kehidupan/makam.html
190,https://cerpenmu.com/cerpen-kehidupan/bibit-bebet-dan-bobot.html
191,https://cerpenmu.com/cerpen-kehidupan/jika-semua-berakhir-hari-ini.html
192,https://cerpenmu.com/cerpen-kehidupan/anak-gunung-pengumpul-kayu.html
193,https://cerpenmu.com/cerpen-kehidupan/konspirasi-2.html
194,https://cerpenmu.com/cerpen-kehidupan/takdir-yang-terubah.html
195,https://cerpenmu.com/cerpen-kehidupan/pencuri-raga-perawan.html
196,https://cerpenmu.com/cerpen-kehidupan/kusam.html
197,https://cerpenmu.com/cerpen-kehidupan/kenangan-tarawih-di-masjid-saat-sd-kelas-rendah.html
198,https://cerpenmu.com/cerpen-kehidupan/diamnya-pendebat.html
199,https://cerpenmu.com/cerpen-kehidupan/maak-aku-pengen-pacaran.html
200,https://cerpenmu.com/cerpen-kehidupan/ternak-menguntungkan.html
201,https://cerpenmu.com/cerpen-kehidupan/mudik-copid.html
202,https://cerpenmu.com/cerpen-kehidupan/harapan-besar-likin.html
203,https://cerpenmu.com/cerpen-kehidupan/lebih-baik-2.html
204,https://cerpenmu.com/cerpen-kehidupan/melawan-orang-dunia-sosial.html
205,https://cerpenmu.com/cerpen-kehidupan/sebotol-minuman-dari-balai-lelang-christie.html
206,https://cerpenmu.com/cerpen-kehidupan/kendhat-ketika-seutas-tali-jadi-penentu-hidup-mati.html
207,https://cerpenmu.com/cerpen-kehidupan/matinya-cinta-karena-daring.html
208,https://cerpenmu.com/cerpen-kehidupan/dunia-baru-adrian.html
209,https://cerpenmu.com/cerpen-kehidupan/tahun-baru.html
210,https://cerpenmu.com/cerpen-kehidupan/superheroes.html
211,https://cerpenmu.com/cerpen-kehidupan/bekerja-di-sekolah.html
212,https://cerpenmu.com/cerpen-kehidupan/kisah-penjual-suara.html
213,https://cerpenmu.com/cerpen-kehidupan/perjalanan-ke-kiblat.html
214,https://cerpenmu.com/cerpen-kehidupan/kamu-seperti-pisang.html
215,https://cerpenmu.com/cerpen-kehidupan/hampa-4.html
216,https://cerpenmu.com/cerpen-kehidupan/ketagihan-belanja-online.html
217,https://cerpenmu.com/cerpen-kehidupan/di-dalam-ibadah-fadli.html
218,https://cerpenmu.com/cerpen-kehidupan/selesai-2.html
219,https://cerpenmu.com/cerpen-kehidupan/perempuan-tanpa-nama.html
220,https://cerpenmu.com/cerpen-kehidupan/pahitnya-kopi-tak-sepahit-pandemi.html
221,https://cerpenmu.com/cerpen-kehidupan/mimpi-yang-sirna.html
222,https://cerpenmu.com/cerpen-kehidupan/kampung-1001-malam.html
223,https://cerpenmu.com/cerpen-kehidupan/abadi-dalam-potret.html
224,https://cerpenmu.com/cerpen-kehidupan/kilas-balik-kisah-adinda.html
225,https://cerpenmu.com/cerpen-kehidupan/maraban.html
226,https://cerpenmu.com/cerpen-kehidupan/manusia-yang-tak-pernah-dikenang.html
227,https://cerpenmu.com/cerpen-kehidupan/silhouette-of-a-man.html
228,https://cerpenmu.com/cerpen-kehidupan/arsitek-cerdas-nan-jelita.html
229,https://cerpenmu.com/cerpen-kehidupan/you-are-my-moon-2022.html
230,https://cerpenmu.com/cerpen-kehidupan/cinta-di-balik-satir.html
231,https://cerpenmu.com/cerpen-kehidupan/you-are-my-moon.html
232,https://cerpenmu.com/cerpen-kehidupan/kenangan-tunusa.html
233,https://cerpenmu.com/cerpen-kehidupan/terpisahkan-2.html
234,https://cerpenmu.com/cerpen-kehidupan/sutimin.html
235,https://cerpenmu.com/cerpen-kehidupan/sang-guru.html
236,https://cerpenmu.com/cerpen-kehidupan/pesan-lewat-mimpi.html
237,https://cerpenmu.com/cerpen-kehidupan/cerita-air-mata-kenan.html
238,https://cerpenmu.com/cerpen-kehidupan/gadis-rusia-itu-mengajakku-menikah-part-2.html
239,https://cerpenmu.com/cerpen-kehidupan/gadis-rusia-itu-mengajakku-menikah-part-1.html
240,https://cerpenmu.com/cerpen-kehidupan/sebuah-kesalahan.html
241,https://cerpenmu.com/cerpen-kehidupan/merindu-cahaya-rembulan.html
242,https://cerpenmu.com/cerpen-kehidupan/emas-dan-api.html
243,https://cerpenmu.com/cerpen-kehidupan/gasubu.html
244,https://cerpenmu.com/cerpen-kehidupan/sulit-memperbaiki-penyesalan.html
245,https://cerpenmu.com/cerpen-kehidupan/ayam.html
246,https://cerpenmu.com/cerpen-kehidupan/sepatu-merah.html
247,https://cerpenmu.com/cerpen-kehidupan/malam-minggu-raihan.html
248,https://cerpenmu.com/cerpen-kehidupan/jangan-terkecoh.html
249,https://cerpenmu.com/cerpen-kehidupan/rasa-tentang-hati-yang-mencari-penerangnya.html
250,https://cerpenmu.com/cerpen-kehidupan/pertanian-palbatlas.html
251,https://cerpenmu.com/cerpen-kehidupan/fantasi-di-atas-roda-enam.html
252,https://cerpenmu.com/cerpen-kehidupan/balik-ke-ibu.html
253,https://cerpenmu.com/cerpen-kehidupan/hargai-wanitamu.html
254,https://cerpenmu.com/cerpen-kehidupan/si-kecil-di-kota-besar-part-2.html
255,https://cerpenmu.com/cerpen-kehidupan/si-kecil-di-kota-besar-part-1.html
256,https://cerpenmu.com/cerpen-kehidupan/pemalas.html
257,https://cerpenmu.com/cerpen-kehidupan/asalkan-jangan-yang-itu.html
258,https://cerpenmu.com/cerpen-kehidupan/idealis.html
259,https://cerpenmu.com/cerpen-kehidupan/pembunuh-salim-kancil.html
260,https://cerpenmu.com/cerpen-kehidupan/asal-muasal-pangkal-kebohongan.html
261,https://cerpenmu.com/cerpen-kehidupan/sudut-pandang-2.html
262,https://cerpenmu.com/cerpen-kehidupan/asa-perempuan-panggilan.html
263,https://cerpenmu.com/cerpen-kehidupan/lampu-merah-terakhir-menuju-rumahku.html
264,https://cerpenmu.com/cerpen-kehidupan/mahkota-usang.html
265,https://cerpenmu.com/cerpen-kehidupan/aku-ulang-tahun-dan-hidup.html
266,https://cerpenmu.com/cerpen-kehidupan/pulang-9.html
267,https://cerpenmu.com/cerpen-kehidupan/permintaan-kesekian.html
268,https://cerpenmu.com/cerpen-kehidupan/terbaik-dari-yang-terburuk.html
269,https://cerpenmu.com/cerpen-kehidupan/hari-esok.html
270,https://cerpenmu.com/cerpen-kehidupan/segalanya-yang-harus-kau-ketahui-tentang-aku-dan-ibuku.html
271,https://cerpenmu.com/cerpen-kehidupan/gaya-hidup-mutub.html
272,https://cerpenmu.com/cerpen-kehidupan/tengkulak-digital.html
273,https://cerpenmu.com/cerpen-kehidupan/calak-limbung.html
274,https://cerpenmu.com/cerpen-kehidupan/jangan-takut-masuk-neraka.html
275,https://cerpenmu.com/cerpen-kehidupan/harta-tahta-keluarga.html
276,https://cerpenmu.com/cerpen-kehidupan/atap.html
277,https://cerpenmu.com/cerpen-kehidupan/dua-anak-jalanan.html
278,https://cerpenmu.com/cerpen-kehidupan/kakek-dan-hobinya.html
279,https://cerpenmu.com/cerpen-kehidupan/tentang-kematian.html
280,https://cerpenmu.com/cerpen-kehidupan/tersesat-di-jalan-yang-sesat.html
281,https://cerpenmu.com/cerpen-kehidupan/kami-yang-kini-hidup-tanpa-cahaya.html
282,https://cerpenmu.com/cerpen-kehidupan/si-kakek-tua-berbadut.html
283,https://cerpenmu.com/cerpen-kehidupan/akhirnya-bahagia.html
284,https://cerpenmu.com/cerpen-kehidupan/melawan-asap.html
285,https://cerpenmu.com/cerpen-kehidupan/kecil-yang-tak-berdaya-anakku.html
286,https://cerpenmu.com/cerpen-kehidupan/dancing-in-the-sky.html
287,https://cerpenmu.com/cerpen-kehidupan/nesha-waktuku-berhenti-berputar.html
288,https://cerpenmu.com/cerpen-kehidupan/badut-3.html
289,https://cerpenmu.com/cerpen-kehidupan/my-hero-3.html
290,https://cerpenmu.com/cerpen-kehidupan/hidup-ini-indah-ibuku-sayang.html
291,https://cerpenmu.com/cerpen-kehidupan/semua-hanya-untuk-dinikmati-bukan-dimiliki.html
292,https://cerpenmu.com/cerpen-kehidupan/bekerja-saat-pandemi-covid-19-part-2.html
293,https://cerpenmu.com/cerpen-kehidupan/bekerja-saat-pandemi-covid-19-part-1.html
294,https://cerpenmu.com/cerpen-kehidupan/banyak-tekanan-banyak-gaya.html
295,https://cerpenmu.com/cerpen-kehidupan/wanita-dan-perspektifnya.html
296,https://cerpenmu.com/cerpen-kehidupan/a-clown.html
297,https://cerpenmu.com/cerpen-kehidupan/seruput-kopi-cita-cita.html
298,https://cerpenmu.com/cerpen-kehidupan/ketika-ibuk-pulang.html
299,https://cerpenmu.com/cerpen-kehidupan/nasehat-engkong.html
300,https://cerpenmu.com/cerpen-kehidupan/krisis-ekonomi-yang-mulai-menyerang.html
301,https://cerpenmu.com/cerpen-kehidupan/senja-yang-temaram.html
302,https://cerpenmu.com/cerpen-kehidupan/rona-pelangi-di-sore-hari.html
303,https://cerpenmu.com/cerpen-kehidupan/pak-badut.html
304,https://cerpenmu.com/cerpen-kehidupan/di-balik-satir-cinta.html
305,https://cerpenmu.com/cerpen-kehidupan/ketika-duka-tersenyum.html
306,https://cerpenmu.com/cerpen-kehidupan/gajian.html
307,https://cerpenmu.com/cerpen-kehidupan/pemuda-dan-pengemis.html
308,https://cerpenmu.com/cerpen-kehidupan/janji-manis-biar-laris.html
309,https://cerpenmu.com/cerpen-kehidupan/pengangguran-masih-berkelana.html
310,https://cerpenmu.com/cerpen-kehidupan/yang-jujur-yang-gugur.html
311,https://cerpenmu.com/cerpen-kehidupan/pekerjaan-utamaku-adalah-sholat.html
312,https://cerpenmu.com/cerpen-kehidupan/kegelisahan-mengenai-korelasi-antara-politik-dan-agama.html
313,https://cerpenmu.com/cerpen-kehidupan/saatnya-untuk-bersuara.html
314,https://cerpenmu.com/cerpen-kehidupan/dari-sudut-pandang-rakyat.html
315,https://cerpenmu.com/cerpen-kehidupan/mencari-sebuah-keadilan.html
316,https://cerpenmu.com/cerpen-kehidupan/kebijakan-menjerat-kami.html
317,https://cerpenmu.com/cerpen-kehidupan/babi-babi-berburu-emas-part-2.html
318,https://cerpenmu.com/cerpen-kehidupan/babi-babi-berburu-emas-part-1.html
319,https://cerpenmu.com/cerpen-kehidupan/sepeda-bapak.html
320,https://cerpenmu.com/cerpen-kehidupan/sapi-bantuan-pak-presiden.html
321,https://cerpenmu.com/cerpen-kehidupan/berebut-kursi-bupati.html
322,https://cerpenmu.com/cerpen-kehidupan/para-bisu-berbicara.html
323,https://cerpenmu.com/cerpen-kehidupan/dengan-uang-semua-gampang.html
324,https://cerpenmu.com/cerpen-kehidupan/maling-berdasi-teriak-rakyat-yang-tersakiti.html
325,https://cerpenmu.com/cerpen-kehidupan/ngopi-ringan-ngobrolin-politik-di-angkringan.html
326,https://cerpenmu.com/cerpen-kehidupan/berkah-di-malam-minggu.html
327,https://cerpenmu.com/cerpen-kehidupan/manis-tawa-minus-gigi.html
328,https://cerpenmu.com/cerpen-kehidupan/aku-kamu-dan-tuan-berdasi-yang-ingkar-janji.html
329,https://cerpenmu.com/cerpen-kehidupan/beruntungnya.html
330,https://cerpenmu.com/cerpen-kehidupan/orang-mati-terasa-hidup-yang-hidup-merasa-mati.html
331,https://cerpenmu.com/cerpen-kehidupan/tak-terasa-jerih-hari-ini.html
332,https://cerpenmu.com/cerpen-kehidupan/anjing-sekarat-yang-tertimbun-salju-part-2.html
333,https://cerpenmu.com/cerpen-kehidupan/anjing-sekarat-yang-tertimbun-salju-part-1.html
334,https://cerpenmu.com/cerpen-kehidupan/sang-pemegang-kekuasaan.html
335,https://cerpenmu.com/cerpen-kehidupan/bola-gol-gol-gol.html
336,https://cerpenmu.com/cerpen-kehidupan/budak-kapitalis.html
337,https://cerpenmu.com/cerpen-kehidupan/pria-yang-membunuh-kenangan-part-2.html
338,https://cerpenmu.com/cerpen-kehidupan/pria-yang-membunuh-kenangan-part-1.html
339,https://cerpenmu.com/cerpen-kehidupan/hanya-satu-perang-yang-tidak-dapat-aku-menangkan.html
340,https://cerpenmu.com/cerpen-kehidupan/perempuan-yang-menjadi-kekasih-tikus-bedebah.html
341,https://cerpenmu.com/cerpen-kehidupan/bukan-siti-maryam.html
342,https://cerpenmu.com/cerpen-kehidupan/5-ribu-rupiah.html
343,https://cerpenmu.com/cerpen-kehidupan/selembar-surat.html
344,https://cerpenmu.com/cerpen-kehidupan/sepucuk-surat-pak-bupati-part-2.html
345,https://cerpenmu.com/cerpen-kehidupan/sepucuk-surat-pak-bupati-part-1.html
346,https://cerpenmu.com/cerpen-kehidupan/kunci-rahasia.html
347,https://cerpenmu.com/cerpen-kehidupan/putus-asa.html
348,https://cerpenmu.com/cerpen-kehidupan/jogja-dan-tanda-tanya.html
349,https://cerpenmu.com/cerpen-kehidupan/brianna.html
350,https://cerpenmu.com/cerpen-kehidupan/malam-mayline.html
351,https://cerpenmu.com/cerpen-kehidupan/rindu-bertemu-musuh.html
352,https://cerpenmu.com/cerpen-kehidupan/bus-kota-warna-merah.html
353,https://cerpenmu.com/cerpen-kehidupan/benteng-terakhir.html
354,https://cerpenmu.com/cerpen-kehidupan/orang-dalam.html
355,https://cerpenmu.com/cerpen-kehidupan/balada-cinta-bocah-pemulung-part-2.html
356,https://cerpenmu.com/cerpen-kehidupan/balada-cinta-bocah-pemulung-part-1.html
357,https://cerpenmu.com/cerpen-kehidupan/peranan-yang-tak-diinginkan.html
358,https://cerpenmu.com/cerpen-kehidupan/penyesalan-apakah-sudah-terbayar.html
359,https://cerpenmu.com/cerpen-kehidupan/aku-seth-dinding-dan-aroma-pinus.html
360,https://cerpenmu.com/cerpen-kehidupan/jawaban-tuhan.html
361,https://cerpenmu.com/cerpen-kehidupan/bapak-2.html
362,https://cerpenmu.com/cerpen-kehidupan/saya-bukan-komunis.html
363,https://cerpenmu.com/cerpen-kehidupan/kapal-harapan.html
364,https://cerpenmu.com/cerpen-kehidupan/pak-ingatkah-engkau.html
365,https://cerpenmu.com/cerpen-kehidupan/rumah-tua-3.html
366,https://cerpenmu.com/cerpen-kehidupan/masa-kelam-satu-keranjang.html
367,https://cerpenmu.com/cerpen-kehidupan/anak-millenial.html
368,https://cerpenmu.com/cerpen-kehidupan/pilihan-yang-baik.html
369,https://cerpenmu.com/cerpen-kehidupan/yang-pipih-tidak-datang-melayang.html
370,https://cerpenmu.com/cerpen-kehidupan/belum-berlebih-atau-tak-terbiasa.html
371,https://cerpenmu.com/cerpen-kehidupan/ke-tidak-abadian.html
372,https://cerpenmu.com/cerpen-kehidupan/karma-sang-begal.html
373,https://cerpenmu.com/cerpen-kehidupan/akan-kuhapus-air-matamu-ibu.html
374,https://cerpenmu.com/cerpen-kehidupan/do-it.html
375,https://cerpenmu.com/cerpen-kehidupan/inilah-hidup-nak.html
376,https://cerpenmu.com/cerpen-kehidupan/sudut-kota-jakarta.html
377,https://cerpenmu.com/cerpen-kehidupan/dibalik-kebencian.html
378,https://cerpenmu.com/cerpen-kehidupan/pantulan-kebaikan.html
379,https://cerpenmu.com/cerpen-kehidupan/rumah-bobrok.html
380,https://cerpenmu.com/cerpen-kehidupan/janji-8.html
381,https://cerpenmu.com/cerpen-kehidupan/badai-pasti-berlalu-2.html
382,https://cerpenmu.com/cerpen-kehidupan/skill-merendahkan-orang-lain-part-2.html
383,https://cerpenmu.com/cerpen-kehidupan/skill-merendahkan-orang-lain-part-1.html
384,https://cerpenmu.com/cerpen-kehidupan/tak-ada-yang-selamanya.html
385,https://cerpenmu.com/cerpen-kehidupan/kenaikan-harga-daging-sapi.html
386,https://cerpenmu.com/cerpen-kehidupan/menjadi-dewasa.html
387,https://cerpenmu.com/cerpen-kehidupan/nikah.html
388,https://cerpenmu.com/cerpen-kehidupan/pelajaran-untuk-si-tukang-urus.html
389,https://cerpenmu.com/cerpen-kehidupan/kehilangan-dimasa-pandemi.html
390,https://cerpenmu.com/cerpen-kehidupan/bertemu-untuk-berpisah.html
391,https://cerpenmu.com/cerpen-kehidupan/kami-dan-isolasi-mandiri-apakah-positif-covid-19-termasuk-aib.html
392,https://cerpenmu.com/cerpen-kehidupan/beautiful-womens-success-journey.html
393,https://cerpenmu.com/cerpen-kehidupan/radio-penghibur-lara.html
394,https://cerpenmu.com/cerpen-kehidupan/si-sibuk-pencari-duit.html
395,https://cerpenmu.com/cerpen-kehidupan/lebih-lega-kalau-mereka-menyalahkanku-part-2.html
396,https://cerpenmu.com/cerpen-kehidupan/lebih-lega-kalau-mereka-menyalahkanku-part-1.html
397,https://cerpenmu.com/cerpen-kehidupan/pesan.html
398,https://cerpenmu.com/cerpen-kehidupan/dijaga-kalau-bicara.html
399,https://cerpenmu.com/cerpen-kehidupan/pencapaian.html
400,https://cerpenmu.com/cerpen-kehidupan/satu-persen.html
401,https://cerpenmu.com/cerpen-kehidupan/terlalu-ikut-campur.html
402,https://cerpenmu.com/cerpen-kehidupan/kalau-kaya-pasti-bahagia.html
403,https://cerpenmu.com/cerpen-kehidupan/selalu-bandingkan-dengan-dunia-mereka.html
404,https://cerpenmu.com/cerpen-kehidupan/pilau-mamat-si-penderma.html
405,https://cerpenmu.com/cerpen-kehidupan/salah-satu-rantai-setan.html
406,https://cerpenmu.com/cerpen-kehidupan/draw-life.html
407,https://cerpenmu.com/cerpen-kehidupan/wida.html
408,https://cerpenmu.com/cerpen-kehidupan/andai-kita-tau-hari-esok-part-2.html
409,https://cerpenmu.com/cerpen-kehidupan/keresahanku.html
410,https://cerpenmu.com/cerpen-kehidupan/aku-ingin-pulang-3.html
411,https://cerpenmu.com/cerpen-kehidupan/mister-x.html
412,https://cerpenmu.com/cerpen-kehidupan/mister-y.html
413,https://cerpenmu.com/cerpen-kehidupan/mister-z.html
414,https://cerpenmu.com/cerpen-kehidupan/secarik-takdir.html
415,https://cerpenmu.com/cerpen-kehidupan/kendhat.html
416,https://cerpenmu.com/cerpen-kehidupan/si-mus-anak-gembala.html
417,https://cerpenmu.com/cerpen-kehidupan/tabrak-lari.html
418,https://cerpenmu.com/cerpen-kehidupan/suara-selantang-guntur.html
419,https://cerpenmu.com/cerpen-kehidupan/saat-musim-layangan.html
420,https://cerpenmu.com/cerpen-kehidupan/rumput-tetangga-jauh-lebih-hijau.html
421,https://cerpenmu.com/cerpen-kehidupan/harta-warisan-ayah.html
422,https://cerpenmu.com/cerpen-kehidupan/pencuri-yang-paling-berbahaya.html
423,https://cerpenmu.com/cerpen-kehidupan/histeria-ruang-isolasi.html
424,https://cerpenmu.com/cerpen-kehidupan/kata.html
425,https://cerpenmu.com/cerpen-kehidupan/sepotong-roti-2.html
426,https://cerpenmu.com/cerpen-kehidupan/cerita-kakek-tentang-jangka-jayabaya.html
427,https://cerpenmu.com/cerpen-kehidupan/membeli-mimpi-part-3.html
428,https://cerpenmu.com/cerpen-kehidupan/membeli-mimpi-part-2.html
429,https://cerpenmu.com/cerpen-kehidupan/membeli-mimpi-part-1.html
430,https://cerpenmu.com/cerpen-kehidupan/cuaca-dibawah-pipa.html
431,https://cerpenmu.com/cerpen-kehidupan/segelas-air-jeruk.html
432,https://cerpenmu.com/cerpen-kehidupan/gara-gara-beda-domisili.html
433,https://cerpenmu.com/cerpen-kehidupan/jika-cinta-mengapa-buat-luka.html
434,https://cerpenmu.com/cerpen-kehidupan/penunggu-pohon-kudu.html
435,https://cerpenmu.com/cerpen-kehidupan/lockdown.html
436,https://cerpenmu.com/cerpen-kehidupan/hemimetabola.html
437,https://cerpenmu.com/cerpen-kehidupan/pesona-emak-emak-indonesia.html
438,https://cerpenmu.com/cerpen-kehidupan/kebasahan.html
439,https://cerpenmu.com/cerpen-kehidupan/kenangan-di-pohon-mangga.html
440,https://cerpenmu.com/cerpen-kehidupan/kehidupan-adalah-misteri.html
441,https://cerpenmu.com/cerpen-kehidupan/resi-dan-persepsi.html
442,https://cerpenmu.com/cerpen-kehidupan/di-penghujung-jalan-sana.html
443,https://cerpenmu.com/cerpen-kehidupan/satu-kesalahan.html
444,https://cerpenmu.com/cerpen-kehidupan/cucu-kakek.html
445,https://cerpenmu.com/cerpen-kehidupan/ya-tuhan-aku-bersyukur-padamu.html
446,https://cerpenmu.com/cerpen-kehidupan/melayat.html
447,https://cerpenmu.com/cerpen-kehidupan/kutitip-neraka-di-rahimnya.html
448,https://cerpenmu.com/cerpen-kehidupan/anak-indonesia-terakhir.html
449,https://cerpenmu.com/cerpen-kehidupan/menunggu-yang-tidak-ada.html
450,https://cerpenmu.com/cerpen-kehidupan/kidung-kidung-sunyi.html
451,https://cerpenmu.com/cerpen-kehidupan/high-and-low.html
452,https://cerpenmu.com/cerpen-kehidupan/tetangga.html
453,https://cerpenmu.com/cerpen-kehidupan/butiran-debu-2.html
454,https://cerpenmu.com/cerpen-kehidupan/gadis-kecil.html
455,https://cerpenmu.com/cerpen-kehidupan/jangan-buta.html
456,https://cerpenmu.com/cerpen-kehidupan/tuhan-mengapa-aku-berbeda.html
457,https://cerpenmu.com/cerpen-kehidupan/nyaman.html
458,https://cerpenmu.com/cerpen-kehidupan/balapan.html
459,https://cerpenmu.com/cerpen-kehidupan/mencari-jawaban.html
460,https://cerpenmu.com/cerpen-kehidupan/lombok-hijau.html
461,https://cerpenmu.com/cerpen-kehidupan/asap-dan-aku.html
462,https://cerpenmu.com/cerpen-kehidupan/karir.html
463,https://cerpenmu.com/cerpen-kehidupan/sandal-jepit-si-marbot.html
464,https://cerpenmu.com/cerpen-kehidupan/maret-2020-part-2.html
465,https://cerpenmu.com/cerpen-kehidupan/maret-2020-part-1.html
466,https://cerpenmu.com/cerpen-kehidupan/puing-reruntuhan-kramat-tunggak.html
467,https://cerpenmu.com/cerpen-kehidupan/kisah-dua-bocah-yatim-piatu.html
468,https://cerpenmu.com/cerpen-kehidupan/ejaskona.html
469,https://cerpenmu.com/cerpen-kehidupan/ingin-cerai.html
470,https://cerpenmu.com/cerpen-kehidupan/sajadah-biru-ibu.html
471,https://cerpenmu.com/cerpen-kehidupan/nelayan-di-kalumata-pantai-kota-ternate.html
472,https://cerpenmu.com/cerpen-kehidupan/elegi-marwah.html
473,https://cerpenmu.com/cerpen-kehidupan/suatu-pagi-di-awal-2021.html
474,https://cerpenmu.com/cerpen-kehidupan/gengsi-hilang-syukur-datang.html
475,https://cerpenmu.com/cerpen-kehidupan/hidup-itu-tahu-tahu.html
476,https://cerpenmu.com/cerpen-kehidupan/meretas-mimpi-di-usia-muda.html
477,https://cerpenmu.com/cerpen-kehidupan/perahu-yang-tak-pernah-berhenti-berlayar.html
478,https://cerpenmu.com/cerpen-kehidupan/jangan-ambil-nyawaku.html
479,https://cerpenmu.com/cerpen-kehidupan/pergi-4.html
480,https://cerpenmu.com/cerpen-kehidupan/rapor-maria.html
481,https://cerpenmu.com/cerpen-kehidupan/sebuah-rumah-di-bawah-jembatan.html
482,https://cerpenmu.com/cerpen-kehidupan/perkara-anak-penyu.html
483,https://cerpenmu.com/cerpen-kehidupan/kembali-pulang.html
484,https://cerpenmu.com/cerpen-kehidupan/kesederhanaan-yang-hakiki.html
485,https://cerpenmu.com/cerpen-kehidupan/hampa-part-2.html
486,https://cerpenmu.com/cerpen-kehidupan/hampa-part-1.html
487,https://cerpenmu.com/cerpen-kehidupan/mawar-untuk-istriku.html
488,https://cerpenmu.com/cerpen-kehidupan/pemicu-semangat.html
489,https://cerpenmu.com/cerpen-kehidupan/benarkah-aku-bodoh.html
490,https://cerpenmu.com/cerpen-kehidupan/senno.html
491,https://cerpenmu.com/cerpen-kehidupan/alam-kita-alam-rasa.html
492,https://cerpenmu.com/cerpen-kehidupan/keadilan-kita-berbeda-rasa.html
493,https://cerpenmu.com/cerpen-kehidupan/satir.html
494,https://cerpenmu.com/cerpen-kehidupan/kucing-part-4.html
495,https://cerpenmu.com/cerpen-kehidupan/kucing-part-3.html
496,https://cerpenmu.com/cerpen-kehidupan/kucing-part-2.html
497,https://cerpenmu.com/cerpen-kehidupan/kucing-part-1.html
498,https://cerpenmu.com/cerpen-kehidupan/si-kutu-barbershop-part-2.html
499,https://cerpenmu.com/cerpen-kehidupan/si-kutu-barbershop-part-1.html
500,https://cerpenmu.com/cerpen-kehidupan/realita-samy-dan-beni.html
501,https://cerpenmu.com/cerpen-kehidupan/liang-lahat-untukku.html
502,https://cerpenmu.com/cerpen-kehidupan/akhir-penyesalan.html
503,https://cerpenmu.com/cerpen-kehidupan/lepasnya-merpati-putih.html
504,https://cerpenmu.com/cerpen-kehidupan/satu-kelapa-dua-cinta.html
505,https://cerpenmu.com/cerpen-kehidupan/malusia.html
506,https://cerpenmu.com/cerpen-kehidupan/langit-yang-melumpuhkan.html
507,https://cerpenmu.com/cerpen-kehidupan/andai-aku-bisa-berbicara.html
508,https://cerpenmu.com/cerpen-kehidupan/para-penghuni-atap.html
509,https://cerpenmu.com/cerpen-kehidupan/kakek-petunjuk.html
510,https://cerpenmu.com/cerpen-kehidupan/jangan-gusur-panti-kami.html
511,https://cerpenmu.com/cerpen-kehidupan/di-penghujung-langit.html
512,https://cerpenmu.com/cerpen-kehidupan/sihir-kata.html
513,https://cerpenmu.com/cerpen-kehidupan/dindha-kupinta-maafmu.html
514,https://cerpenmu.com/cerpen-kehidupan/anak-terlantar.html
515,https://cerpenmu.com/cerpen-kehidupan/curhat-perabot.html
516,https://cerpenmu.com/cerpen-kehidupan/keberhasilan-akan-membuahkan-keberhasilan.html
517,https://cerpenmu.com/cerpen-kehidupan/neraka-di-gang-sempit.html
518,https://cerpenmu.com/cerpen-kehidupan/bapak-bapak-berdasi.html
519,https://cerpenmu.com/cerpen-kehidupan/dunia-malam.html
520,https://cerpenmu.com/cerpen-kehidupan/bagong.html
521,https://cerpenmu.com/cerpen-kehidupan/pembohong-yang-aku-sayangi.html
522,https://cerpenmu.com/cerpen-kehidupan/gara-gara-17.html
523,https://cerpenmu.com/cerpen-kehidupan/cotton-bud-dan-kapitalisme.html
524,https://cerpenmu.com/cerpen-kehidupan/pamit-3.html
525,https://cerpenmu.com/cerpen-kehidupan/pak-tua-berkaki-lima.html
526,https://cerpenmu.com/cerpen-kehidupan/dear-ayah.html
527,https://cerpenmu.com/cerpen-kehidupan/sepasang-merpati-tua.html
528,https://cerpenmu.com/cerpen-kehidupan/misteri-penampilan-raya.html
529,https://cerpenmu.com/cerpen-kehidupan/penyesalan-kembali.html
530,https://cerpenmu.com/cerpen-kehidupan/petaka-di-balik-ibu.html
531,https://cerpenmu.com/cerpen-kehidupan/cahaya-pasti-akan-datang.html
532,https://cerpenmu.com/cerpen-kehidupan/bunga-yang-mekar-setelah-badai.html
533,https://cerpenmu.com/cerpen-kehidupan/dessy-dan-ibunya.html
534,https://cerpenmu.com/cerpen-kehidupan/wanita-itu-2.html
535,https://cerpenmu.com/cerpen-kehidupan/janji-untuk-ibu.html
536,https://cerpenmu.com/cerpen-kehidupan/melted.html
537,https://cerpenmu.com/cerpen-kehidupan/kelompok-pemain-musik-dan-kakek-tua.html
538,https://cerpenmu.com/cerpen-kehidupan/berita-duka-untuk-koranku.html
539,https://cerpenmu.com/cerpen-kehidupan/kala-senja-pamit-dari-cakrawala.html
540,https://cerpenmu.com/cerpen-kehidupan/bintang-tak-butuh-malam-untuk-bersinar.html
541,https://cerpenmu.com/cerpen-kehidupan/duc-in-altum.html
542,https://cerpenmu.com/cerpen-kehidupan/pemulung.html
543,https://cerpenmu.com/cerpen-kehidupan/menuntut-ilmu-itu-nggak-penting.html
544,https://cerpenmu.com/cerpen-kehidupan/ayah-17.html
545,https://cerpenmu.com/cerpen-kehidupan/sun-of-san.html
546,https://cerpenmu.com/cerpen-kehidupan/dandelion-lain.html
547,https://cerpenmu.com/cerpen-kehidupan/bukan-salah-tuhan.html
548,https://cerpenmu.com/cerpen-kehidupan/lana.html
549,https://cerpenmu.com/cerpen-kehidupan/rasa-perih-dan-duka-kehidupan.html
550,https://cerpenmu.com/cerpen-kehidupan/undian.html
551,https://cerpenmu.com/cerpen-kehidupan/kukejar-mentari.html
552,https://cerpenmu.com/cerpen-kehidupan/bongkah-es-bersanding-dengan-bara-api.html
553,https://cerpenmu.com/cerpen-kehidupan/kabar-mengejutkan.html
554,https://cerpenmu.com/cerpen-kehidupan/hujan-dan-si-bocah-ojek-payung.html
555,https://cerpenmu.com/cerpen-kehidupan/kado-malam-natal.html
556,https://cerpenmu.com/cerpen-kehidupan/sederhananya-mimpi-andi.html
557,https://cerpenmu.com/cerpen-kehidupan/120-detik.html
558,https://cerpenmu.com/cerpen-kehidupan/ketika-harus-memilih-2.html
559,https://cerpenmu.com/cerpen-kehidupan/donat-menemukan-keluargaku.html
560,https://cerpenmu.com/cerpen-kehidupan/maafkan-putramu.html
561,https://cerpenmu.com/cerpen-kehidupan/akulah-tulang-rusukmu.html
562,https://cerpenmu.com/cerpen-kehidupan/mutiara-air-mata.html
563,https://cerpenmu.com/cerpen-kehidupan/tuhan-aku-lelah.html
564,https://cerpenmu.com/cerpen-kehidupan/usaha-yang-tidak-mengkhianati-hasil.html
565,https://cerpenmu.com/cerpen-kehidupan/pesugihan.html
566,https://cerpenmu.com/cerpen-kehidupan/kenangan-manis.html
567,https://cerpenmu.com/cerpen-kehidupan/keluarga-dan-arti.html
568,https://cerpenmu.com/cerpen-kehidupan/catatan-senja.html
569,https://cerpenmu.com/cerpen-kehidupan/menelan-takdir-tuhan.html
570,https://cerpenmu.com/cerpen-kehidupan/the-greatest-fear.html
571,https://cerpenmu.com/cerpen-kehidupan/setangkai-bunga-lusuh.html
572,https://cerpenmu.com/cerpen-kehidupan/tatapan-sinis-penuh-dendam.html
573,https://cerpenmu.com/cerpen-kehidupan/melati-2.html
574,https://cerpenmu.com/cerpen-kehidupan/cerita-september-akad-tahun-2017.html
575,https://cerpenmu.com/cerpen-kehidupan/rumah-yang-mati.html
576,https://cerpenmu.com/cerpen-kehidupan/sebatang-lilin-kehidupan.html
577,https://cerpenmu.com/cerpen-kehidupan/bunga-yang-layu-sore-itu.html
578,https://cerpenmu.com/cerpen-kehidupan/aku-selingkuh.html
579,https://cerpenmu.com/cerpen-kehidupan/even-if-we-forgot-the-feelings-still-remain.html
580,https://cerpenmu.com/cerpen-kehidupan/malam-takbir.html
581,https://cerpenmu.com/cerpen-kehidupan/bulan-yang-merangkul-malam.html
582,https://cerpenmu.com/cerpen-kehidupan/melihat-bulan-menggantikan-sunset.html
583,https://cerpenmu.com/cerpen-kehidupan/siapa-7.html
584,https://cerpenmu.com/cerpen-kehidupan/perempuan-di-dalam-bus.html
585,https://cerpenmu.com/cerpen-kehidupan/hujan-pasti-berlalu.html
586,https://cerpenmu.com/cerpen-kehidupan/kegelisahanmu.html
587,https://cerpenmu.com/cerpen-kehidupan/gadis-gula-part-2.html
588,https://cerpenmu.com/cerpen-kehidupan/gadis-gula-part-1.html
589,https://cerpenmu.com/cerpen-kehidupan/aggressive.html
590,https://cerpenmu.com/cerpen-kehidupan/punks-not-dead.html
591,https://cerpenmu.com/cerpen-kehidupan/bahagiaku-adalah-bahagiamu.html
592,https://cerpenmu.com/cerpen-kehidupan/si-hitam-dan-sang-hujan.html
593,https://cerpenmu.com/cerpen-kehidupan/walau-tak-berarti.html
594,https://cerpenmu.com/cerpen-kehidupan/cincin-berlian.html
595,https://cerpenmu.com/cerpen-kehidupan/sepucuk-surat-buat-ayah.html
596,https://cerpenmu.com/cerpen-kehidupan/serendipity.html
597,https://cerpenmu.com/cerpen-kehidupan/jangan-covernya.html
598,https://cerpenmu.com/cerpen-kehidupan/sarjana-bajingan.html
599,https://cerpenmu.com/cerpen-kehidupan/dia-aku-dan-pemikiranku.html
600,https://cerpenmu.com/cerpen-kehidupan/lelaki-trotoar.html
601,https://cerpenmu.com/cerpen-kehidupan/harapan-kecilku.html
602,https://cerpenmu.com/cerpen-kehidupan/permata-kasandri.html
603,https://cerpenmu.com/cerpen-kehidupan/tulang-besi-mulai-rapuh.html
604,https://cerpenmu.com/cerpen-kehidupan/ibu-akan-membacanya.html
605,https://cerpenmu.com/cerpen-kehidupan/suasana-kontrakan-petak-di-awal-oktober.html
606,https://cerpenmu.com/cerpen-kehidupan/rantai-kenangan.html
607,https://cerpenmu.com/cerpen-kehidupan/asmara-hitam-di-danau-nibung-mukomuko.html
608,https://cerpenmu.com/cerpen-kehidupan/realita-dalam-sebuah-fatamorgana.html
609,https://cerpenmu.com/cerpen-kehidupan/purnama-rengganis.html
610,https://cerpenmu.com/cerpen-kehidupan/sarung-terakhir.html
611,https://cerpenmu.com/cerpen-kehidupan/tamparan-tuk-kembali.html
612,https://cerpenmu.com/cerpen-kehidupan/aryana.html
613,https://cerpenmu.com/cerpen-kehidupan/kota-mbah-karsono.html
614,https://cerpenmu.com/cerpen-kehidupan/hidup-sampah.html
615,https://cerpenmu.com/cerpen-kehidupan/sebidang-tanah-warisan.html
616,https://cerpenmu.com/cerpen-kehidupan/tidur-nyenyak-mikha.html
617,https://cerpenmu.com/cerpen-kehidupan/dibalik-kabut.html
618,https://cerpenmu.com/cerpen-kehidupan/fitnah-dan-jail.html
619,https://cerpenmu.com/cerpen-kehidupan/itulah-keindahanya-sebuah-puisi-tanpa-sajak.html
620,https://cerpenmu.com/cerpen-kehidupan/pertama-dan-terakhir-3.html
621,https://cerpenmu.com/cerpen-kehidupan/imam-anak-soleh.html
622,https://cerpenmu.com/cerpen-kehidupan/dari-rahim-yang-sama.html
623,https://cerpenmu.com/cerpen-kehidupan/derita-di-penghujung-usia.html
624,https://cerpenmu.com/cerpen-kehidupan/maafkan-aku-rakyatku.html
625,https://cerpenmu.com/cerpen-kehidupan/sekardus-uang-cinta-untuk-lala.html
626,https://cerpenmu.com/cerpen-kehidupan/merantau-3.html
627,https://cerpenmu.com/cerpen-kehidupan/bahkan-mereka-mau-muntah-menyebut-namaku.html
628,https://cerpenmu.com/cerpen-kehidupan/anjing-geladak.html
629,https://cerpenmu.com/cerpen-kehidupan/lelaki-tua-dan-selembar-foto.html
630,https://cerpenmu.com/cerpen-kehidupan/mantel-kesayanganku.html
631,https://cerpenmu.com/cerpen-kehidupan/kesialan-di-malam-jumat.html
632,https://cerpenmu.com/cerpen-kehidupan/asmara-di-pantai-panjang.html
633,https://cerpenmu.com/cerpen-kehidupan/jemari-tuhan-masih-ada-cinta-di-sana.html
634,https://cerpenmu.com/cerpen-kehidupan/bencana.html
635,https://cerpenmu.com/cerpen-kehidupan/membunuh-rindu.html
636,https://cerpenmu.com/cerpen-kehidupan/papa-mama-ajari-aku-cara-membenci-tuhan-part-2.html
637,https://cerpenmu.com/cerpen-kehidupan/papa-mama-ajari-aku-cara-membenci-tuhan-part-1.html
638,https://cerpenmu.com/cerpen-kehidupan/mengulang-rindu.html
639,https://cerpenmu.com/cerpen-kehidupan/merenung-calon-walikota-di-sepertiga-malam.html
640,https://cerpenmu.com/cerpen-kehidupan/suci-hidup-tak-selayak-nama.html
641,https://cerpenmu.com/cerpen-kehidupan/penghujung-senja.html
642,https://cerpenmu.com/cerpen-kehidupan/cinta-terhalang-pagar-gereja.html
643,https://cerpenmu.com/cerpen-kehidupan/kami-tidak-sehina-yang-kalian-kira.html
644,https://cerpenmu.com/cerpen-kehidupan/saat-lapar-minum-haus-minum.html
645,https://cerpenmu.com/cerpen-kehidupan/jawaban-dari-tuhan.html
646,https://cerpenmu.com/cerpen-kehidupan/mimpi-15.html
647,https://cerpenmu.com/cerpen-kehidupan/triangle-of-life.html
648,https://cerpenmu.com/cerpen-kehidupan/anagram.html
649,https://cerpenmu.com/cerpen-kehidupan/sepenggal-kisah-mira.html
650,https://cerpenmu.com/cerpen-kehidupan/mengantarmu.html
651,https://cerpenmu.com/cerpen-kehidupan/impian-dalam-karantina.html
652,https://cerpenmu.com/cerpen-kehidupan/selalu-bersama.html
653,https://cerpenmu.com/cerpen-kehidupan/pintu-taubat-part-2.html
654,https://cerpenmu.com/cerpen-kehidupan/pintu-taubat-part-1.html
655,https://cerpenmu.com/cerpen-kehidupan/pohon-di-pinggir-kota.html
656,https://cerpenmu.com/cerpen-kehidupan/bulan-dan-ramadhan.html
657,https://cerpenmu.com/cerpen-kehidupan/kematian-gadis-muda.html
658,https://cerpenmu.com/cerpen-kehidupan/introvert-is-dream.html
659,https://cerpenmu.com/cerpen-kehidupan/korban-pukul.html
660,https://cerpenmu.com/cerpen-kehidupan/angan-muda.html
661,https://cerpenmu.com/cerpen-kehidupan/teroris-3.html
662,https://cerpenmu.com/cerpen-kehidupan/dulu-aku-berbeda.html
663,https://cerpenmu.com/cerpen-kehidupan/smartphone-baru.html
664,https://cerpenmu.com/cerpen-kehidupan/musafir-sebutir-kerikil.html
665,https://cerpenmu.com/cerpen-kehidupan/tuhan-aku-berjanji-akan-hidup-lebih-baik-lagi.html
666,https://cerpenmu.com/cerpen-kehidupan/pendidikan-modal-merubah-nasib.html
667,https://cerpenmu.com/cerpen-kehidupan/amanat-sang-pejuang.html
668,https://cerpenmu.com/cerpen-kehidupan/imbalan-termewah.html
669,https://cerpenmu.com/cerpen-kehidupan/hujan-membawa-takdirku.html
670,https://cerpenmu.com/cerpen-kehidupan/angin-keberuntungan.html
671,https://cerpenmu.com/cerpen-kehidupan/destiny-8.html
672,https://cerpenmu.com/cerpen-kehidupan/generasi-bedebah.html
673,https://cerpenmu.com/cerpen-kehidupan/anak-maduku.html
674,https://cerpenmu.com/cerpen-kehidupan/sepotong-roti-di-malam-sunyi.html
675,https://cerpenmu.com/cerpen-kehidupan/pencopet-dan-narapidana-sel.html
676,https://cerpenmu.com/cerpen-kehidupan/aku-rindu-3.html
677,https://cerpenmu.com/cerpen-kehidupan/gadis-jembatan-kota.html
678,https://cerpenmu.com/cerpen-kehidupan/dia-14.html
679,https://cerpenmu.com/cerpen-kehidupan/gadis-bengawan-solo.html
680,https://cerpenmu.com/cerpen-kehidupan/im-not-alone-2.html
681,https://cerpenmu.com/cerpen-kehidupan/orang-dewasa-pembolong-pelipis.html
682,https://cerpenmu.com/cerpen-kehidupan/banjir.html
683,https://cerpenmu.com/cerpen-kehidupan/korban.html
684,https://cerpenmu.com/cerpen-kehidupan/makna-dibalik-selembar-daun.html
685,https://cerpenmu.com/cerpen-kehidupan/cinta-bukan-pemaksaan.html
686,https://cerpenmu.com/cerpen-kehidupan/jiwa-yang-gagal.html
687,https://cerpenmu.com/cerpen-kehidupan/terjebak-dunia.html
688,https://cerpenmu.com/cerpen-kehidupan/api-yang-berbeda.html
689,https://cerpenmu.com/cerpen-kehidupan/senandung-rindu.html
690,https://cerpenmu.com/cerpen-kehidupan/dia-tak-bersayap.html
691,https://cerpenmu.com/cerpen-kehidupan/ibuku-malaikatku-2.html
692,https://cerpenmu.com/cerpen-kehidupan/ratapan-penyesalanku.html
693,https://cerpenmu.com/cerpen-kehidupan/konflik-di-jalan-beauharnais-part-2.html
694,https://cerpenmu.com/cerpen-kehidupan/konflik-di-jalan-beauharnais-part-1.html
695,https://cerpenmu.com/cerpen-kehidupan/black-work.html
696,https://cerpenmu.com/cerpen-kehidupan/ibu-tanpa-asa.html
697,https://cerpenmu.com/cerpen-kehidupan/alasan.html
698,https://cerpenmu.com/cerpen-kehidupan/ibuku-duniaku.html
699,https://cerpenmu.com/cerpen-kehidupan/mutiara-dan-sampah.html
700,https://cerpenmu.com/cerpen-kehidupan/dua-anak-itu.html
701,https://cerpenmu.com/cerpen-kehidupan/relung-hati-sang-wanita-orange.html
702,https://cerpenmu.com/cerpen-kehidupan/anton.html
703,https://cerpenmu.com/cerpen-kehidupan/si-anak-kolong.html
704,https://cerpenmu.com/cerpen-kehidupan/lembayung-senja-dikala-hujan.html
705,https://cerpenmu.com/cerpen-kehidupan/di-balik-awan-2.html
706,https://cerpenmu.com/cerpen-kehidupan/tinggal-angan.html
707,https://cerpenmu.com/cerpen-kehidupan/pencuri.html
708,https://cerpenmu.com/cerpen-kehidupan/berujung-di-senja-kelabu.html
709,https://cerpenmu.com/cerpen-kehidupan/sebuah-kebiasaan.html
710,https://cerpenmu.com/cerpen-kehidupan/seutas-tali.html
711,https://cerpenmu.com/cerpen-kehidupan/perjalanann-hidup-anak-rantau.html
712,https://cerpenmu.com/cerpen-kehidupan/ikatan-tali-sepatu.html
713,https://cerpenmu.com/cerpen-kehidupan/damar.html
714,https://cerpenmu.com/cerpen-kehidupan/tempe-goreng.html
715,https://cerpenmu.com/cerpen-kehidupan/akan-indah-setiap-waktunya.html
716,https://cerpenmu.com/cerpen-kehidupan/remaja-penyemir-sepatu.html
717,https://cerpenmu.com/cerpen-kehidupan/my-hero.html
718,https://cerpenmu.com/cerpen-kehidupan/hidup-tak-seindah-surga.html
719,https://cerpenmu.com/cerpen-kehidupan/hari-hariku-tanpa-ibu.html
720,https://cerpenmu.com/cerpen-kehidupan/happened-to-me.html
721,https://cerpenmu.com/cerpen-kehidupan/sakit-ya-mas.html
722,https://cerpenmu.com/cerpen-kehidupan/berkah-pertemuan.html
723,https://cerpenmu.com/cerpen-kehidupan/kosong-tiga-part-2.html
724,https://cerpenmu.com/cerpen-kehidupan/kosong-tiga-part-1.html
725,https://cerpenmu.com/cerpen-kehidupan/anugerah-dari-hujan.html
726,https://cerpenmu.com/cerpen-kehidupan/cinta-karena-harta.html
727,https://cerpenmu.com/cerpen-kehidupan/ketika-jembatan-itu-jatuh.html
728,https://cerpenmu.com/cerpen-kehidupan/catatan-hati-seorang-pemulung.html
729,https://cerpenmu.com/cerpen-kehidupan/ridho-di-tangan-suami.html
730,https://cerpenmu.com/cerpen-kehidupan/celoteh-kristina.html
731,https://cerpenmu.com/cerpen-kehidupan/secarik-kertas-putih-3.html
732,https://cerpenmu.com/cerpen-kehidupan/fananya-kehidupan-dunia.html
733,https://cerpenmu.com/cerpen-kehidupan/life-is-game.html
734,https://cerpenmu.com/cerpen-kehidupan/anak-koruptor.html
735,https://cerpenmu.com/cerpen-kehidupan/maafku-untuk-kakek-tua.html
736,https://cerpenmu.com/cerpen-kehidupan/pelangi-10.html
737,https://cerpenmu.com/cerpen-kehidupan/namanya-alan.html
738,https://cerpenmu.com/cerpen-kehidupan/reuni-angkatan-8.html
739,https://cerpenmu.com/cerpen-kehidupan/empat-sudut-taman.html
740,https://cerpenmu.com/cerpen-kehidupan/sepucuk-kata-unuk-suamiku.html
741,https://cerpenmu.com/cerpen-kehidupan/woody-dan-rara.html
742,https://cerpenmu.com/cerpen-kehidupan/suram.html
743,https://cerpenmu.com/cerpen-kehidupan/mantan-napi-berhati-malaikat.html
744,https://cerpenmu.com/cerpen-kehidupan/lalat-lalat-waktu.html
745,https://cerpenmu.com/cerpen-kehidupan/sima-yang-sial.html
746,https://cerpenmu.com/cerpen-kehidupan/gadis-kecil-tunawisma.html
747,https://cerpenmu.com/cerpen-kehidupan/sepeda-ontel-ajaib.html
748,https://cerpenmu.com/cerpen-kehidupan/wanita-yang-terjebak-dalam-galeri.html
749,https://cerpenmu.com/cerpen-kehidupan/handi-sang-juragan-beras.html
750,https://cerpenmu.com/cerpen-kehidupan/tentang-ali.html
751,https://cerpenmu.com/cerpen-kehidupan/peramal.html
752,https://cerpenmu.com/cerpen-kehidupan/cerita-bambu-runcing-pak-bambang.html
753,https://cerpenmu.com/cerpen-kehidupan/ksatria-zaman-edan.html
754,https://cerpenmu.com/cerpen-kehidupan/secerca-harapan.html
755,https://cerpenmu.com/cerpen-kehidupan/si-jalng.html
756,https://cerpenmu.com/cerpen-kehidupan/cermin-dalam-danau.html
757,https://cerpenmu.com/cerpen-kehidupan/bacaan-untuk-seb.html
758,https://cerpenmu.com/cerpen-kehidupan/kisah-di-rusun-blackburn.html
759,https://cerpenmu.com/cerpen-kehidupan/dialog-singkat.html
760,https://cerpenmu.com/cerpen-kehidupan/paradigma.html
761,https://cerpenmu.com/cerpen-kehidupan/selamat-tinggal-akan-aku-ingat-selalu-pesanmu.html
762,https://cerpenmu.com/cerpen-kehidupan/prelude-sajak-dari-rhun.html
763,https://cerpenmu.com/cerpen-kehidupan/sepanjang-jalan.html
764,https://cerpenmu.com/cerpen-kehidupan/sahabat-penanti-hujan.html
765,https://cerpenmu.com/cerpen-kehidupan/sang-jazzy.html
766,https://cerpenmu.com/cerpen-kehidupan/titik-noda-2.html
767,https://cerpenmu.com/cerpen-kehidupan/negeri-balita.html
768,https://cerpenmu.com/cerpen-kehidupan/lain-kali-ke-rumahku-ya.html
769,https://cerpenmu.com/cerpen-kehidupan/dialog-pikiran.html
770,https://cerpenmu.com/cerpen-kehidupan/perjuanganku.html
771,https://cerpenmu.com/cerpen-kehidupan/takdir-yang-baik.html
772,https://cerpenmu.com/cerpen-kehidupan/pidato-seorang-buta.html
773,https://cerpenmu.com/cerpen-kehidupan/siapa-malingnya.html
774,https://cerpenmu.com/cerpen-kehidupan/12-warna.html
775,https://cerpenmu.com/cerpen-kehidupan/dunia-yang-melahirkan-sampah.html
776,https://cerpenmu.com/cerpen-kehidupan/good-addict.html
777,https://cerpenmu.com/cerpen-kehidupan/aku-pulang-5.html
778,https://cerpenmu.com/cerpen-kehidupan/bocah-penjual-es-batu.html
779,https://cerpenmu.com/cerpen-kehidupan/the-real-monster-part-3.html
780,https://cerpenmu.com/cerpen-kehidupan/the-real-monster-part-2.html
781,https://cerpenmu.com/cerpen-kehidupan/the-real-monster-part-1.html
782,https://cerpenmu.com/cerpen-kehidupan/suara-minor-bangsaku.html
783,https://cerpenmu.com/cerpen-kehidupan/look-around-its-drowning.html
784,https://cerpenmu.com/cerpen-kehidupan/the-light-at-formosas-sky.html
785,https://cerpenmu.com/cerpen-kehidupan/aku-borneo.html
786,https://cerpenmu.com/cerpen-kehidupan/pekerjaan-2.html
787,https://cerpenmu.com/cerpen-kehidupan/tak-terbalaskan-3.html
788,https://cerpenmu.com/cerpen-kehidupan/wanita-di-ujung-senja.html
789,https://cerpenmu.com/cerpen-kehidupan/janin.html
790,https://cerpenmu.com/cerpen-kehidupan/saat-terakhir-5.html
791,https://cerpenmu.com/cerpen-kehidupan/cerita-di-tahun-barusan.html
792,https://cerpenmu.com/cerpen-kehidupan/soedirman.html
793,https://cerpenmu.com/cerpen-kehidupan/buku-dan-bapak.html
794,https://cerpenmu.com/cerpen-kehidupan/insan-dan-waktu.html
795,https://cerpenmu.com/cerpen-kehidupan/tak-ada-pesta-malam-ini.html
796,https://cerpenmu.com/cerpen-kehidupan/one-night-at-the-airport.html
797,https://cerpenmu.com/cerpen-kehidupan/sopran-dan-mimpi-mimpi-revolusi.html
798,https://cerpenmu.com/cerpen-kehidupan/abdoellah.html
799,https://cerpenmu.com/cerpen-kehidupan/perjalanan-menata-hati.html
800,https://cerpenmu.com/cerpen-kehidupan/mystery-of-love-part-2.html
801,https://cerpenmu.com/cerpen-kehidupan/mystery-of-love-part-1.html
802,https://cerpenmu.com/cerpen-kehidupan/satu-langkah-di-atas-langit.html
803,https://cerpenmu.com/cerpen-kehidupan/where-are-you-now.html
804,https://cerpenmu.com/cerpen-kehidupan/cinta-harta-sang-perawan-tua.html
805,https://cerpenmu.com/cerpen-kehidupan/kebahagiaan-2.html
806,https://cerpenmu.com/cerpen-kehidupan/this-is-me-2.html
807,https://cerpenmu.com/cerpen-kehidupan/kehidupan-naya.html
808,https://cerpenmu.com/cerpen-kehidupan/dimana-tuhanku.html
809,https://cerpenmu.com/cerpen-kehidupan/melihat-dari-sisi-yang-lain.html
810,https://cerpenmu.com/cerpen-kehidupan/surya-di-ujung-senja.html
811,https://cerpenmu.com/cerpen-kehidupan/kind-heart.html
812,https://cerpenmu.com/cerpen-kehidupan/melatonin.html
813,https://cerpenmu.com/cerpen-kehidupan/ketulusan-2.html
814,https://cerpenmu.com/cerpen-kehidupan/untuk-diriku-empat-puluh-tahun-yang-lalu.html
815,https://cerpenmu.com/cerpen-kehidupan/setan-kerasukan-manusia.html
816,https://cerpenmu.com/cerpen-kehidupan/sarjana-kalkulator.html
817,https://cerpenmu.com/cerpen-kehidupan/34-1.html
818,https://cerpenmu.com/cerpen-kehidupan/padang-pasir-yang-menjadi-saksi.html
819,https://cerpenmu.com/cerpen-kehidupan/pedagang-bakso-yang-sabar-dan-baik.html
820,https://cerpenmu.com/cerpen-kehidupan/truntung.html
821,https://cerpenmu.com/cerpen-kehidupan/derita-andi-si-pengamen-cilik.html
822,https://cerpenmu.com/cerpen-kehidupan/mukena-untuk-ibu-2.html
823,https://cerpenmu.com/cerpen-kehidupan/perempuan-buta-itu-bernama-hening.html
824,https://cerpenmu.com/cerpen-kehidupan/dunia-sekarang.html
825,https://cerpenmu.com/cerpen-kehidupan/munafik.html
826,https://cerpenmu.com/cerpen-kehidupan/tanpa-warna.html
827,https://cerpenmu.com/cerpen-kehidupan/selamat-jalan-pak-dudung.html
828,https://cerpenmu.com/cerpen-kehidupan/karena-dunia-terlalu-angkuh.html
829,https://cerpenmu.com/cerpen-kehidupan/hujan-di-bulan-november.html
830,https://cerpenmu.com/cerpen-kehidupan/tikus-kantor.html
831,https://cerpenmu.com/cerpen-kehidupan/interaksi-dengan-orang-asing.html
832,https://cerpenmu.com/cerpen-kehidupan/tilang-yang-berdarah.html
833,https://cerpenmu.com/cerpen-kehidupan/kau-sudah-sukes-nak.html
834,https://cerpenmu.com/cerpen-kehidupan/butiran-dandelion.html
835,https://cerpenmu.com/cerpen-kehidupan/lelaki-aib.html
836,https://cerpenmu.com/cerpen-kehidupan/aku-mengetahuinya-sedari-dulu.html
837,https://cerpenmu.com/cerpen-kehidupan/tentang-2.html
838,https://cerpenmu.com/cerpen-kehidupan/perjalanan-si-biji-kopi.html
839,https://cerpenmu.com/cerpen-kehidupan/setetes-air-surga-part-2.html
840,https://cerpenmu.com/cerpen-kehidupan/setetes-air-surga-part-1.html
841,https://cerpenmu.com/cerpen-kehidupan/gimin.html
842,https://cerpenmu.com/cerpen-kehidupan/lilin-tertiup-angin.html
843,https://cerpenmu.com/cerpen-kehidupan/nenek-pencari-kayu-bakar.html
844,https://cerpenmu.com/cerpen-kehidupan/mental-kuli.html
845,https://cerpenmu.com/cerpen-kehidupan/asaman-dan-superman.html
846,https://cerpenmu.com/cerpen-kehidupan/karena-loncat-tali.html
847,https://cerpenmu.com/cerpen-kehidupan/kaulah-cinta-sejatiku-part-1.html
848,https://cerpenmu.com/cerpen-kehidupan/kabut-sudah-tersiram-hujan.html
849,https://cerpenmu.com/cerpen-kehidupan/satu-malam-penuh-arti.html
850,https://cerpenmu.com/cerpen-kehidupan/di-balik.html
851,https://cerpenmu.com/cerpen-kehidupan/pulang-3.html
852,https://cerpenmu.com/cerpen-kehidupan/di-balik-tembang-nenek-rose.html
853,https://cerpenmu.com/cerpen-kehidupan/penyesalan-pahlawan.html
854,https://cerpenmu.com/cerpen-kehidupan/sepotong-senja-dari-pantai.html
855,https://cerpenmu.com/cerpen-kehidupan/white-musk.html
856,https://cerpenmu.com/cerpen-kehidupan/mawar-tak-lagi-berduri.html
857,https://cerpenmu.com/cerpen-kehidupan/doa-dan-usaha.html
858,https://cerpenmu.com/cerpen-kehidupan/hari-pertama-di-ibu-kota.html
859,https://cerpenmu.com/cerpen-kehidupan/aspal-untuk-kakek.html
860,https://cerpenmu.com/cerpen-kehidupan/peri-tanpa-sayap.html
861,https://cerpenmu.com/cerpen-kehidupan/tamasya-aksara.html
862,https://cerpenmu.com/cerpen-kehidupan/manusia-cyber.html
863,https://cerpenmu.com/cerpen-kehidupan/aku-bukan-orang-gila.html
864,https://cerpenmu.com/cerpen-kehidupan/peri-kecil-tanpa-sayap.html
865,https://cerpenmu.com/cerpen-kehidupan/ini-bukan-tentang-boneka-tedy-bear.html
866,https://cerpenmu.com/cerpen-kehidupan/panorama-rupawan.html
867,https://cerpenmu.com/cerpen-kehidupan/joni-kisah-seorang-anak-koruptor.html
868,https://cerpenmu.com/cerpen-kehidupan/khotbah-wak-usman.html
869,https://cerpenmu.com/cerpen-kehidupan/dialog-dengan-lampu-merah.html
870,https://cerpenmu.com/cerpen-kehidupan/atas-nama-ayah.html
871,https://cerpenmu.com/cerpen-kehidupan/hanya-mimpi.html
872,https://cerpenmu.com/cerpen-kehidupan/halal-bersamamu.html
873,https://cerpenmu.com/cerpen-kehidupan/senja-di-hari-sabtu.html
874,https://cerpenmu.com/cerpen-kehidupan/selagi-hujan.html
875,https://cerpenmu.com/cerpen-kehidupan/kebaikan-kecil-yang-bermakna-2.html
876,https://cerpenmu.com/cerpen-kehidupan/pojok-dinding.html
877,https://cerpenmu.com/cerpen-kehidupan/yang-mengingatkan.html
878,https://cerpenmu.com/cerpen-kehidupan/bandul-bintang.html
879,https://cerpenmu.com/cerpen-kehidupan/rendi.html
880,https://cerpenmu.com/cerpen-kehidupan/perjalanan-yang-memberikanku-sebuah-pembelajaran.html
881,https://cerpenmu.com/cerpen-kehidupan/bocah-lak-laki-dan-ibunya.html
882,https://cerpenmu.com/cerpen-kehidupan/perjanjian.html
883,https://cerpenmu.com/cerpen-kehidupan/pura-pura-tertabrak.html
884,https://cerpenmu.com/cerpen-kehidupan/pedulilah.html
885,https://cerpenmu.com/cerpen-kehidupan/keluarga-kopi.html
886,https://cerpenmu.com/cerpen-kehidupan/pucuk-harapan.html
887,https://cerpenmu.com/cerpen-kehidupan/joki-jeruji-besi.html
888,https://cerpenmu.com/cerpen-kehidupan/uang-kemana.html
889,https://cerpenmu.com/cerpen-kehidupan/prahara-kampung-rawa.html
890,https://cerpenmu.com/cerpen-kehidupan/pesan-lilin-untuk-sang-pencipta.html
891,https://cerpenmu.com/cerpen-kehidupan/kafe-kafein-part-2.html
892,https://cerpenmu.com/cerpen-kehidupan/kafe-kafein-part-1.html
893,https://cerpenmu.com/cerpen-kehidupan/kuliah-atau-mencari-jodoh.html
894,https://cerpenmu.com/cerpen-kehidupan/keringat-darah.html
895,https://cerpenmu.com/cerpen-kehidupan/semasa-kecil-kelam.html
896,https://cerpenmu.com/cerpen-kehidupan/isak-bayi.html
897,https://cerpenmu.com/cerpen-kehidupan/pemuda-dan-penjual-kacang.html
898,https://cerpenmu.com/cerpen-kehidupan/semangkuk-bakso-diskusi.html
899,https://cerpenmu.com/cerpen-kehidupan/jadi-teman-harus-solid-katanya.html
900,https://cerpenmu.com/cerpen-kehidupan/secangkir-kopi-dan-renungan-sore.html
901,https://cerpenmu.com/cerpen-kehidupan/bermain-adalah-hobiku.html
902,https://cerpenmu.com/cerpen-kehidupan/bersama-hujan-2.html
903,https://cerpenmu.com/cerpen-kehidupan/mutiara-kehidupan.html
904,https://cerpenmu.com/cerpen-kehidupan/gila.html
905,https://cerpenmu.com/cerpen-kehidupan/gantungan-mimpi-di-negeri-merah-putih.html
906,https://cerpenmu.com/cerpen-kehidupan/andai-aku-bisa-memutar-mata-ke-belakang.html
907,https://cerpenmu.com/cerpen-kehidupan/sepuluh-kenjeran.html
908,https://cerpenmu.com/cerpen-kehidupan/marwa-aku-tidak-ingin-melihat-karma.html
909,https://cerpenmu.com/cerpen-kehidupan/harakiri.html
910,https://cerpenmu.com/cerpen-kehidupan/jadilah-generasi-muda-yang-berkualitas.html
911,https://cerpenmu.com/cerpen-kehidupan/seribu-alasan-di-atas-flyover.html
912,https://cerpenmu.com/cerpen-kehidupan/tuhan-bilang-jangan.html
913,https://cerpenmu.com/cerpen-kehidupan/poor-families.html
914,https://cerpenmu.com/cerpen-kehidupan/miss-taksi.html
915,https://cerpenmu.com/cerpen-kehidupan/aku-sudah-menikah-tiga-kali.html
916,https://cerpenmu.com/cerpen-kehidupan/si-gadis-apel.html
917,https://cerpenmu.com/cerpen-kehidupan/orangtua-orangtua-pembohong.html
918,https://cerpenmu.com/cerpen-kehidupan/sarcasm-is-a-custom.html
919,https://cerpenmu.com/cerpen-kehidupan/hewan-patuh-dan-manusia-pembangkang.html
920,https://cerpenmu.com/cerpen-kehidupan/nepotisme-tingkat-fasik.html
921,https://cerpenmu.com/cerpen-kehidupan/anak-jalanan.html
922,https://cerpenmu.com/cerpen-kehidupan/sehat-jasmani-bersih-rohani.html
923,https://cerpenmu.com/cerpen-kehidupan/tak-sadar-diri-tak-punya.html
924,https://cerpenmu.com/cerpen-kehidupan/para-pengemudi-liar.html
925,https://cerpenmu.com/cerpen-kehidupan/pemilik-kecerdasan-yang-tidak-seperti-kelihatannya.html
926,https://cerpenmu.com/cerpen-kehidupan/the-way.html
927,https://cerpenmu.com/cerpen-kehidupan/surat-part-1.html
928,https://cerpenmu.com/cerpen-kehidupan/ada-cerita-di-tahun-enam-tujuh.html
929,https://cerpenmu.com/cerpen-kehidupan/bocah-di-sudut-pasar.html
930,https://cerpenmu.com/cerpen-kehidupan/kebenaran.html
931,https://cerpenmu.com/cerpen-kehidupan/pemahaman-sederhana.html
932,https://cerpenmu.com/cerpen-kehidupan/lampu-merah.html
933,https://cerpenmu.com/cerpen-kehidupan/sampan-pak-salim.html
934,https://cerpenmu.com/cerpen-kehidupan/pembangkit-listrik-untuk-desa-anyar.html
935,https://cerpenmu.com/cerpen-kehidupan/terima-kasih-mang-udin.html
936,https://cerpenmu.com/cerpen-kehidupan/hidup-itu-2.html
937,https://cerpenmu.com/cerpen-kehidupan/mozaik-kisah-orang-orang-di-sekitar-ken-part-3.html
938,https://cerpenmu.com/cerpen-kehidupan/mozaik-kisah-orang-orang-di-sekitar-ken-part-2.html
939,https://cerpenmu.com/cerpen-kehidupan/ranah-itu-bertuan-malam-diperuntukkan.html
940,https://cerpenmu.com/cerpen-kehidupan/konteks-tanpa-teks.html
941,https://cerpenmu.com/cerpen-kehidupan/gelar-sarjana-kopi.html
942,https://cerpenmu.com/cerpen-kehidupan/tak-seorangpun.html
943,https://cerpenmu.com/cerpen-kehidupan/dalam-bayangan-eksekusi-mati.html
944,https://cerpenmu.com/cerpen-kehidupan/menjala-asa.html
945,https://cerpenmu.com/cerpen-kehidupan/hiduplah-indonesia-raya.html
946,https://cerpenmu.com/cerpen-kehidupan/presiden.html
947,https://cerpenmu.com/cerpen-kehidupan/bapak-pinjami-aku-hatimu.html
948,https://cerpenmu.com/cerpen-kehidupan/media-sosial.html
949,https://cerpenmu.com/cerpen-kehidupan/1700.html
950,https://cerpenmu.com/cerpen-kehidupan/annisa-3.html
951,https://cerpenmu.com/cerpen-kehidupan/pemimpi-bermimpi-menjadi-pemimpin.html
952,https://cerpenmu.com/cerpen-kehidupan/akan-seperti-apakah-negeri-ini-lima-puluh-tahun-kedepan.html
953,https://cerpenmu.com/cerpen-kehidupan/aku-langit-dan-senja.html
954,https://cerpenmu.com/cerpen-kehidupan/tour-leader.html
955,https://cerpenmu.com/cerpen-kehidupan/bermain-di-punggung-malam.html
956,https://cerpenmu.com/cerpen-kehidupan/perihal-hidup-lebah.html
957,https://cerpenmu.com/cerpen-kehidupan/aroma-balasan.html
958,https://cerpenmu.com/cerpen-kehidupan/temuilah-hanya-untuk-bertemu.html
959,https://cerpenmu.com/cerpen-kehidupan/jakarta-tak-seramah-mentari-pagi.html
960,https://cerpenmu.com/cerpen-kehidupan/dia-hanya-ingin-kembali.html
961,https://cerpenmu.com/cerpen-kehidupan/beri-aku-serupiah-saja.html
962,https://cerpenmu.com/cerpen-kehidupan/mimpi-kami-anak-bangsa.html
963,https://cerpenmu.com/cerpen-kehidupan/keyakinan-adalah-kekuatan.html
964,https://cerpenmu.com/cerpen-kehidupan/penggerebekan.html
965,https://cerpenmu.com/cerpen-kehidupan/si-sombong-edo-part-2.html
966,https://cerpenmu.com/cerpen-kehidupan/si-sombong-edo-part-1.html
967,https://cerpenmu.com/cerpen-kehidupan/dialetika-seorang-gus.html
968,https://cerpenmu.com/cerpen-kehidupan/gadis-kecil-di-bawah-hujan.html
969,https://cerpenmu.com/cerpen-kehidupan/tujuh-belas-terakhir.html
970,https://cerpenmu.com/cerpen-kehidupan/sebuah-hati-untuk-logika.html
971,https://cerpenmu.com/cerpen-kehidupan/sahabat-13.html
972,https://cerpenmu.com/cerpen-kehidupan/pelangi-sehari.html
973,https://cerpenmu.com/cerpen-kehidupan/sudahkah-aku-terbangun.html
974,https://cerpenmu.com/cerpen-kehidupan/sebatang-kara.html
975,https://cerpenmu.com/cerpen-kehidupan/perjuangan-anak-tukang-gula-mendulang-juara.html
976,https://cerpenmu.com/cerpen-kehidupan/prata-vs-jokoju.html
977,https://cerpenmu.com/cerpen-kehidupan/cerita-20-tahun.html
978,https://cerpenmu.com/cerpen-kehidupan/hamba-berita.html
979,https://cerpenmu.com/cerpen-kehidupan/pelayan-dan-tuannya.html
980,https://cerpenmu.com/cerpen-kehidupan/surat-senja-untuk-fuada.html
981,https://cerpenmu.com/cerpen-kehidupan/kado-terindah-dari-sahabat-2.html
982,https://cerpenmu.com/cerpen-kehidupan/malam-perpisahan.html
983,https://cerpenmu.com/cerpen-kehidupan/hidup-2.html
984,https://cerpenmu.com/cerpen-kehidupan/sendal-emas.html
985,https://cerpenmu.com/cerpen-kehidupan/karung-terakhir.html
986,https://cerpenmu.com/cerpen-kehidupan/buku-dan-tukang-parkir-berlengan-satu.html
987,https://cerpenmu.com/cerpen-kehidupan/sekolah-ke-13.html
988,https://cerpenmu.com/cerpen-kehidupan/surga-di-balik-awan-kelabu.html
989,https://cerpenmu.com/cerpen-kehidupan/buruh-cuci.html
990,https://cerpenmu.com/cerpen-kehidupan/karena-ada-hikmahnya.html
991,https://cerpenmu.com/cerpen-kehidupan/namanya-takdir.html
992,https://cerpenmu.com/cerpen-kehidupan/lawang-cakra-manggilingan.html
993,https://cerpenmu.com/cerpen-kehidupan/padun.html
994,https://cerpenmu.com/cerpen-kehidupan/kisah-kelam-seorang-kkm-part-1.html
995,https://cerpenmu.com/cerpen-kehidupan/people-change.html
996,https://cerpenmu.com/cerpen-kehidupan/perjalanan-hidup-ami.html
997,https://cerpenmu.com/cerpen-kehidupan/seburuk-itukah-kehendak-mu-tuhan.html
998,https://cerpenmu.com/cerpen-kehidupan/bayangan-dalam-risauku.html
999,https://cerpenmu.com/cerpen-kehidupan/aisyah.html
